Set,Energy (%)
1,75.0
2,69.0
3,63.48
4,58.401599999999995
5,53.729471999999994
6,49.43111423999999
7,45.47662510079999
8,41.83849509273599
9,38.49141548531711
10,35.41210224649174
11,32.579134066772404
12,29.972803341430613
13,27.574979074116165
14,25.36898074818687
15,23.339462288331923
16,21.47230530526537
17,19.75452088084414
18,18.174159210376608
19,16.72022647354648
20,15.38260835566276
21,14.15199968720974
